Workbook

Sheet 2025
A1: 2025 performance vs. projections (without AI Chat Agent)
A3: Scenario | B3: If we had not shipped the AI Chat Agent: constant contact rate, volume scales with business growth.
A5: Metric | B5: Baseline 2025 | C5: Projected EoY 2025 | D5: Delta
A6: Contact rate | B6: 0.022 | C6: =B6 -> 0 | D6: =C6-B6 -> 0
A7: Chats per year (millions) | B7: 4.9 | C7: 8 | D7: =C7-B7 -> 0
A8: Handed off to human agents (millions) | B8: 1 | C8: 1.7 | D8: =C8-B8 -> 0
A9: Care advisor need (relative scale) | B9: 1 | C9: 2 | D9: =C9-B9 -> 0
A10: Business growth (YoY), driving volume | B10: 0.65
A12: Notes for the deck
A13: Edit baseline (B) and projected (C) as needed. C6 = B6 (flat contact rate). Delta is C-B. Business growth % is B10. Chart blocks reference the main table via formulas.
A15: Chart data (used by graphs below)
A16: Series / period | B16: Baseline 2025 | C16: Projected EoY 2025 | D16: Change
A17: Chats per year (M) | B17: =$B$7 -> 0 | C17: =$C$7 -> 0 | D17: =$C$7/$B$7 -> 0
A18: Handoffs to agents (M) | B18: =$B$8 -> 0 | C18: =$C$8 -> 0 | D18: =$C$8/$B$8 -> 0
A19: Care advisor need (index) | B19: =$B$9 -> 0 | C19: =$C$9 -> 0 | D19: =$C$9/$B$9 -> 0
A21: Trend chart (normalized)
A22: Point | B22: Chats | C22: Handoffs | D22: Advisor need
A23: Baseline 2025 | B23: 1 | C23: 1 | D23: 1
A24: Projected EoY 2025 | B24: =$C$7/$B$7 -> 0 | C24: =$C$8/$B$8 -> 0 | D24: =$C$9/$B$9 -> 0

Sheet 2026
A1: 2026 operating view (with AI Chat Agent)
A3: Scenario | B3: Operating view with the AI Chat Agent. Period: Throughout 2026. Numbers match leadership slide; edit DATA_2026 in this script to regenerate.
A5: Metric | B5: 2025 proj EoY (no AI ref) | C5: 2026 (with AI Agent) | D5: Delta vs stress path
A6: Contact rate | B6: ='2025'!C6 -> 0 | C6: 0.01 | D6: =C6-B6 -> 0
A7: Chats per year (millions) | B7: ='2025'!C7 -> 0 | C7: 6 | D7: =C7-B7 -> 0
A8: Handed off to human agents (millions) | B8: ='2025'!C8 -> 0 | C8: 0.66 | D8: =C8-B8 -> 0
A9: Chats fully supported by AI (containment) | B9: - | C9: =1-C8/C7 -> 0
A10: Care staffing (index; 2.0 = stress-path double) | B10: ='2025'!C9 -> 0 | C10: 0.8 | D10: =C10-B10 -> 0
A11: Business growth (YoY) | B11: ='2025'!$B$10 -> 0 | C11: 0.5 | D11: =C11-B11 -> 0
A12: Annualized savings (USD, millions) | B12: - | C12: 1.27
A14: Notes
A15: Column B references the 2025 sheet (stress path) where applicable. Containment = 1 minus (handoffs / chats). Edit C6:C12 for 2026 inputs; B updates from 2025 automatically. Chart block below uses formulas.
A19: Chart data (linked to table above)
A20: Metric | B20: Stress (no AI ref) | C20: With AI (2026)
A21: Chats per year (M) | B21: =$B$7 -> 0 | C21: =$C$7 -> 0
A22: Handoffs to agents (M) | B22: =$B$8 -> 0 | C22: =$C$8 -> 0
A23: Care staffing (index) | B23: =$B$10 -> 0 | C23: =$C$10 -> 0
A25: Contact rate (linked)
B26: Stress (no AI ref) | C26: With AI (2026)
A27: Contact rate | B27: =$B$6 -> 0 | C27: =$C$6 -> 0
